"paragraph","error_message","polarity_class","polarity_score","emotion"
"আমলে অর্ধেক মানুষকেও চাকরি বিএনপির নেতারা ভাষণ দেয়",,"stronglyNegative",-0.9997682094573974,"{""neutral"":0.00046187828411348164,""happy"":0.00011872976028826088,""anger/disgust"":0.9988736510276794,""sadness"":0.003358390647917986,""surprise"":0.002903683576732874,""fear"":0.0001851575798355043}"
"হটাও মাফিয়া বাচাও দেশে",,"stronglyNegative",-0.9578799247741699,"{""neutral"":0.0005295112496241927,""happy"":0.00016553024761378765,""anger/disgust"":0.9985049962997437,""sadness"":0.003576004644855857,""surprise"":0.00048123556189239025,""fear"":0.00013250410847831517}"
"হ্যাঁ খালেদা জিয়া ছাত্রদল ক্যাডারদের চাকরি দিছেন পরীক্ষা ছাড়াই",,"weaklyNegative",-0.5995160341262817,"{""neutral"":0.0009743450791575015,""happy"":0.00015982244804035872,""anger/disgust"":0.9985945820808411,""sadness"":0.0016065959352999926,""surprise"":0.002456428250297904,""fear"":0.000073648763645906}"
"বিএনপি ক্ষমতায় থাকলে এতদিনে খেয়ে মরতে হতো বাংলাদেশের মানুষের",,"stronglyNegative",-0.9985862731933594,"{""neutral"":0.002635728335008025,""happy"":0.0004605200665537268,""anger/disgust"":0.5424522757530212,""sadness"":0.6571592688560486,""surprise"":0.0027619870379567146,""fear"":0.0634584128856659}"
"দুইটা অর্জন আশা আসছে বিএনপির ডেট এক্সপায়ার্ড নেতারা",,"weaklyNegative",-0.5935137271881104,"{""neutral"":0.0596158467233181,""happy"":0.1588733047246933,""anger/disgust"":0.790141224861145,""sadness"":0.11874709278345108,""surprise"":0.019821742549538612,""fear"":0.00843410287052393}"
"শীত আসতে পাগলের আমদানি আগমন বিএনপি জারজ অবৈধ সংগঠন গাঞ্জা খোর সংগঠন",,"stronglyNegative",-0.9999384880065918,"{""neutral"":0.00018673909653443843,""happy"":0.00020613591186702251,""anger/disgust"":0.9996695518493652,""sadness"":0.0017916817450895905,""surprise"":0.0005328491097316146,""fear"":0.00004281552173779346}"
"বিএনপি ক্ষমতায় এলে দুর্নীতিতে চ্যাম্পিয়ন হবো",,"stronglyNegative",-0.999898362159729,"{""neutral"":0.001973725389689207,""happy"":0.0010977099882438779,""anger/disgust"":0.9801745414733887,""sadness"":0.0560750886797905,""surprise"":0.0017862491076812148,""fear"":0.00754081504419446}"
"আন্দোলনের নামে সহিংসতা জবাব দেবে আ লীগ",,"weaklyNegative",-0.5998144626617432,"{""neutral"":0.005227259360253811,""happy"":0.006069773342460394,""anger/disgust"":0.9890480637550354,""sadness"":0.012552495114505291,""surprise"":0.0038735305424779654,""fear"":0.0016300458228215575}"
"বিএনপি আন্দোলনের নামে সহিংসতা আওয়ামী লীগ সমুচিত জবাব দেবে",,"weaklyNegative",-0.5995366334915161,"{""neutral"":0.0014393416931852698,""happy"":0.0018495462136343122,""anger/disgust"":0.9962655901908875,""sadness"":0.006810646969825029,""surprise"":0.0020370346028357744,""fear"":0.0005453738267533481}"
"শান্তিপূর্ণ গণতান্ত্রিক আন্দোলনকে স্বাগত যায় সহিংস আন্দোলনকে",,"stronglyNegative",-0.9902404546737671,"{""neutral"":0.003678933484479785,""happy"":0.005634196102619171,""anger/disgust"":0.9672068357467651,""sadness"":0.08617237210273743,""surprise"":0.005572616588324308,""fear"":0.008560685440897942}"
"আল্লাহর হুকুম জেদিকে পাশকোরবে",,"weaklyNegative",-0.424399185180664,"{""neutral"":0.8371486067771912,""happy"":0.0864822044968605,""anger/disgust"":0.07440830022096634,""sadness"":0.026394609361886978,""surprise"":0.02886912412941456,""fear"":0.011642547324299812}"
"গত ১৪ বছর গণঅভ্যুত্থান আন্দোলনের মনগড়া ভয় দেখিয়ে আসছে বিএনপি",,"stronglyNegative",-0.9998614311218261,"{""neutral"":0.004341806750744581,""happy"":0.0009966836078092456,""anger/disgust"":0.9755460023880005,""sadness"":0.03213408216834068,""surprise"":0.00925352331250906,""fear"":0.020944861695170403}"
"বর্তমানে বাংলাদেশের জনবিচ্ছিন্ন দল কর্তৃক তথাকথিত আন্দোলন অবরোধের নামে সহিংসতা ছড়ানো সমগ্র দেশবাসী বিশ্ব বিবেক তীব্র ধিক্কার জানিয়েছে",,"stronglyNegative",-0.9999364852905274,"{""neutral"":0.0009297928190790117,""happy"":0.0009853964438661933,""anger/disgust"":0.9898079037666321,""sadness"":0.0689072236418724,""surprise"":0.0018712281016632915,""fear"":0.004131689667701721}"
"দেশ বিএনপি জামাতের সন্ত্রাসীদের অভয়ারণ্যে পরিণত হয়েছে",,"stronglyNegative",-0.9999404907226562,"{""neutral"":0.0010259002447128296,""happy"":0.0004331020754761994,""anger/disgust"":0.9934647679328918,""sadness"":0.023690281435847282,""surprise"":0.0011085722362622619,""fear"":0.0018135226564481854}"
"বিএনপি আন্দোলনের নামে আগুন সন্ত্রাস জনগণের সম্পদ ধ্বংসের রাজনীতিই",,"stronglyNegative",-0.9999512672424317,"{""neutral"":0.0006468194187618792,""happy"":0.00040634427568875253,""anger/disgust"":0.9955472946166992,""sadness"":0.029388146474957466,""surprise"":0.0013859879691153765,""fear"":0.0012279528891667724}"
"আন্দোলন নামক নাশকতার আগুন খেললে পরিণতি শুভ বিএনপির",,"stronglyNegative",-0.999385404586792,"{""neutral"":0.002354420954361558,""happy"":0.002096937270835042,""anger/disgust"":0.9861788749694824,""sadness"":0.03884892165660858,""surprise"":0.002589120529592037,""fear"":0.003274236572906375}"
"বিএনপির হুংকার গাছে কাঁঠাল গোঁফে তেলের",,"stronglyNegative",-0.9864086389541626,"{""neutral"":0.002824739320203662,""happy"":0.0015075023984536529,""anger/disgust"":0.9902724623680115,""sadness"":0.017797136679291725,""surprise"":0.003038753755390644,""fear"":0.0011132551589980721}"
"বিএনপি অপশক্তি ঘাপটি মেরে বিশৃংখলা",,"stronglyNegative",-0.999911904335022,"{""neutral"":0.0012657943880185485,""happy"":0.00041518217767588794,""anger/disgust"":0.9951843619346619,""sadness"":0.010513468645513058,""surprise"":0.0010209131287410855,""fear"":0.0005099775735288858}"
"শেখ হাসিনা সরকার দরকার জয় বাংলা",,"stronglyPositive",0.9997144460678102,"{""neutral"":0.006627593655139208,""happy"":0.988401472568512,""anger/disgust"":0.006703609135001898,""sadness"":0.0012786826118826866,""surprise"":0.0003966510121244937,""fear"":0.00017448510334361345}"
"হটাও মাফিয়া বাঁচাও দেশ খালেদা জিয়ার বাংলাদেশ চট্টগ্রামে লাখো জনতার স্লোগান",,"stronglyNegative",-0.9971783399581909,"{""neutral"":0.0006761053809896111,""happy"":0.0005092882784083486,""anger/disgust"":0.9986292123794556,""sadness"":0.00330371898598969,""surprise"":0.0006947817164473236,""fear"":0.00012359346146695316}"
"সফল দোয়াও ভালো বাসা রইলো",,"stronglyPositive",0.9998985528945924,"{""neutral"":0.0014351275749504566,""happy"":0.9983115196228027,""anger/disgust"":0.00017122474673669785,""sadness"":0.000439471157733351,""surprise"":0.0003502193430904299,""fear"":0.000043366613681428134}"
"আওয়ামী লীগ সরকার দরকার",,"weaklyPositive",0.5973620891571045,"{""neutral"":0.0054114763624966145,""happy"":0.001516563119366765,""anger/disgust"":0.9906855225563049,""sadness"":0.004376045428216457,""surprise"":0.0009900639997795224,""fear"":0.00008283004717668518}"
"ইনশাআল্লাহ আসবে খালেদা জিয়া",,"weaklyPositive",0.5936327457427979,"{""neutral"":0.02854357659816742,""happy"":0.9754287004470825,""anger/disgust"":0.005057854577898979,""sadness"":0.0015577741432935,""surprise"":0.002188805490732193,""fear"":0.0003629168786574155}"
"জানতাম ফখরুল মিয়া চট্টগ্রাম কসবা রেলওয়ে স্টেশন আটকাই দিতাম",,"weaklyNegative",-0.5998288869857789,"{""neutral"":0.07301732897758484,""happy"":0.006091207731515169,""anger/disgust"":0.7702630758285522,""sadness"":0.1249588131904602,""surprise"":0.02173997089266777,""fear"":0.04110020026564598}"
"জিয়ার সৈনিক এক হও লড়াই করো",,"stronglyPositive",0.9997836351394654,"{""neutral"":0.22919513285160065,""happy"":0.09288684278726578,""anger/disgust"":0.5697253942489624,""sadness"":0.06902749091386795,""surprise"":0.020314253866672516,""fear"":0.04310010373592377}"
"তারেক রহমানকে ভার্চুয়ালি আলোচনা দরকার",,"neutral",0.19872727394104006,"{""neutral"":0.955437421798706,""happy"":0.005078451242297888,""anger/disgust"":0.0536327138543129,""sadness"":0.005250980146229267,""surprise"":0.004053924232721329,""fear"":0.002857550047338009}"
"মির্জা ফখরুল ইসলাম মাথা খারাপ",,"stronglyNegative",-0.9975277662277222,"{""neutral"":0.002416277304291725,""happy"":0.002323127118870616,""anger/disgust"":0.15384431183338165,""sadness"":0.9143669605255127,""surprise"":0.0021661773789674044,""fear"":0.007403925061225891}"
"আজকে চট্টগ্রামে মহান সমাবেশ বিএনপির নেতা কর্মীকে গতবারের ক্ষমতায় আসে ১০ট্রাক অস্ত্র এনেছে এবারে ক্ষমতায় আসলে ২০ট্রাক আনবেন",,"stronglyNegative",-0.9998539924621582,"{""neutral"":0.0019101504003629088,""happy"":0.001068942598067224,""anger/disgust"":0.9931492209434509,""sadness"":0.013977025635540485,""surprise"":0.0026599750854074955,""fear"":0.002262414898723364}"
"জনপ্রিয়তা আওয়ামীলীগের মাথা নষ্ট হয়ে",,"stronglyNegative",-0.9998490810394287,"{""neutral"":0.0024428698234260082,""happy"":0.0011003147810697556,""anger/disgust"":0.9700033068656921,""sadness"":0.07479526847600937,""surprise"":0.00220917584374547,""fear"":0.001422424684278667}"
"চাঁদপুর জেলা বিএনপির সাবেক সফল সভাপতি হাজীগঞ্জ শাহরাস্তির গণমানুষের নেতা ধানের শীষের মনোনীত প্রার্থী অবিভাবক ইঞ্জিনিয়ার মমিনুল হক ভাইয়ের পক্ষ আজকের মহা সমাবেশে উপস্থিত সবাইকে শুভেচ্ছা অভিনন্দন",,"stronglyPositive",0.9998710632324219,"{""neutral"":0.0024885470047593117,""happy"":0.9970247149467468,""anger/disgust"":0.0010765427723526955,""sadness"":0.00046966547961346805,""surprise"":0.001129442360252142,""fear"":0.00010124862455995753}"
"এগিয়ে জাও জিয়ার শৌনিক",,"stronglyPositive",0.9939617633819582,"{""neutral"":0.01373337209224701,""happy"":0.9862713813781738,""anger/disgust"":0.0034868884831666946,""sadness"":0.0015929753426462412,""surprise"":0.0069688656367361546,""fear"":0.00044479421922005713}"
"চাই বাংলাদেশে এন সরকার ক্ষমতায় আসুক সৈরাচারী আওয়ামী লীগের শাসকের পরাজয় হউক বাংলাদেশে শান্তি আসবে",,"stronglyPositive",0.9988593816757203,"{""neutral"":0.017745714634656906,""happy"":0.08872118592262268,""anger/disgust"":0.9243633151054382,""sadness"":0.035998594015836716,""surprise"":0.002003338187932968,""fear"":0.0017121921991929412}"
"বাদা বিএনপি ঠেকানো বাংলাদেশ জনগণ জেগে উঠেছে",,"stronglyPositive",0.9982321023941041,"{""neutral"":0.012481356970965862,""happy"":0.01719648204743862,""anger/disgust"":0.967898964881897,""sadness"":0.023158948868513107,""surprise"":0.004586151335388422,""fear"":0.007957706227898598}"
"চট্টগ্রাম স্বাধীনতার ঘোষণা দিয়েছিলেন শহীদ প্রেসিডেন্ট জিয়াউর রহমান চট্টগ্রাম বিভাগীয় গন মহাসমাবেশ সরকারের পতন ইনশাআল্লাহ",,"stronglyPositive",0.9996607780456543,"{""neutral"":0.016771219670772552,""happy"":0.01611052267253399,""anger/disgust"":0.9754568338394165,""sadness"":0.008116758428514004,""surprise"":0.002398937940597534,""fear"":0.0008850292069837451}"
"আমাদেরকে শাহ আমানত সেতুর পুলিশ বাধা দিয়েছিল পুলিশ বাহিনী জানেনা চট্টগ্রামে ছেলে বাদ অপেক্ষা সমাবেশ স্থলে পোছেছি",,"weaklyNegative",-0.5997730493545532,"{""neutral"":0.04367432743310928,""happy"":0.08779296278953552,""anger/disgust"":0.6682392954826355,""sadness"":0.370657742023468,""surprise"":0.03586360439658165,""fear"":0.05157923698425293}"
"যেই জণগন এসেছে আওয়ামী লীগের হাঁটা এটেক হয়ে কাকো ওবায়দুল কাদের হাসপাতালে ভর্তি হয়েছে",,"stronglyNegative",-0.9977504253387451,"{""neutral"":0.028698910027742386,""happy"":0.017680030316114426,""anger/disgust"":0.6994038820266724,""sadness"":0.38960862159729004,""surprise"":0.047752685844898224,""fear"":0.044527024030685425}"
"বাংলাদেশ জাতীয়তাবাদী দল জিন্দাবাদ",,"weaklyPositive",0.5988927602767945,"{""neutral"":0.3103369176387787,""happy"":0.7853378057479858,""anger/disgust"":0.004718360491096973,""sadness"":0.0007351422100327909,""surprise"":0.0007453510770574212,""fear"":0.00026323506608605385}"
"শ্রমিকে হত্যা গাড়ি জ্বালাও পোড়াও বাংলার জনগন ক্ষমতায় আসতে দিবে জয় বাংলা জয় বঙ্গবন্ধু জয়তু শেখ হাসিনা",,"stronglyNegative",-0.9863801240921021,"{""neutral"":0.0264748428016901,""happy"":0.30958932638168335,""anger/disgust"":0.8421321511268616,""sadness"":0.04524022713303566,""surprise"":0.005148452240973711,""fear"":0.005007864907383919}"
"বাংলাদেশ জিন্দাবাদ বাংলাদেশ জাতীয়তাবাদ দল বিএনপি জিন্দাবাদ",,"stronglyPositive",0.8903322935104372,"{""neutral"":0.378513902425766,""happy"":0.5213784575462341,""anger/disgust"":0.07060746848583221,""sadness"":0.0029377492610365152,""surprise"":0.0032421366777271032,""fear"":0.0010664687724784017}"
"সমাবেশের নামে দেশের রাজনীতিতে মামলা হামলা ষড়যন্ত্র সন্ত্রাস নৈরাজ্যকে লালন বিএনপি এখনো",,"stronglyNegative",-0.9999497890472412,"{""neutral"":0.0011182969901710749,""happy"":0.0006314949714578688,""anger/disgust"":0.9948354959487915,""sadness"":0.02280403859913349,""surprise"":0.0028565474785864353,""fear"":0.0017790020210668445}"
"চট্টগ্রাম স্বাধীনতার ঘোষণা দিয়েছিলেন মহান স্বাধীনতার ঘোষক শহীদ রাষ্ট্রপতি জিয়াউর রহমান চট্টগ্রাম গনতন্ত্র পুনরুদ্ধারের সুচনা ইনশাআল্লাহ",,"stronglyPositive",0.9999364376068116,"{""neutral"":0.11138813942670822,""happy"":0.9105868935585022,""anger/disgust"":0.001763541018590331,""sadness"":0.00038164760917425156,""surprise"":0.0007939977222122252,""fear"":0.00013375247363001108}"
"ভোট চোর সরকার দরকার",,"stronglyNegative",-0.9999286890029907,"{""neutral"":0.00023768580285832286,""happy"":0.00019006722141057253,""anger/disgust"":0.9995786547660828,""sadness"":0.0012965000933036208,""surprise"":0.0005183773464523256,""fear"":0.000023620345018571243}"
"আওয়ামী লুটপাট লীগ বয়কট করুন",,"stronglyNegative",-0.9995675563812256,"{""neutral"":0.0004492899461183697,""happy"":0.00019235805666539818,""anger/disgust"":0.9990750551223755,""sadness"":0.00305026862770319,""surprise"":0.00044622752466239035,""fear"":0.00008337287727044895}"
"রাষ্ট্র বিরোধী এন জামাত জংলী দল বাংলার মাটিতে ঠাই দিয়া ইনশাআল্লাহ",,"stronglyNegative",-0.999941062927246,"{""neutral"":0.00019991832959931344,""happy"":0.00029163353610783815,""anger/disgust"":0.9995447993278503,""sadness"":0.001786596025340259,""surprise"":0.0003982316702604294,""fear"":0.000048550358769716695}"
"নিশি রাতের সরকার দেশ হটাও",,"stronglyNegative",-0.9958472490310669,"{""neutral"":0.0009552467381581664,""happy"":0.0003803559811785817,""anger/disgust"":0.997586727142334,""sadness"":0.005559636279940605,""surprise"":0.0007962430245243013,""fear"":0.0005063952412456274}"
"ভালোবাসার আরেক নাম বাংলাদেশ জাতীয়তাবাদী দল এন",,"stronglyPositive",0.9998744487762452,"{""neutral"":0.000568186107557267,""happy"":0.9989299178123474,""anger/disgust"":0.0006711489404551685,""sadness"":0.00016302932635881007,""surprise"":0.0010214773938059807,""fear"":0.00002328198024770245}"
"বাংলাদেশ বিএনপি দল নাইস",,"stronglyPositive",0.997740149497986,"{""neutral"":0.010891719721257687,""happy"":0.9696791768074036,""anger/disgust"":0.06608964502811432,""sadness"":0.002537982538342476,""surprise"":0.0015141756739467382,""fear"":0.00030045618768781424}"
"হঠাও হাসিনা বাঁচাও দেশ আসম আবদুর রবের নিদেশ",,"stronglyNegative",-0.9901664018630981,"{""neutral"":0.0035273232497274876,""happy"":0.0008236438734456897,""anger/disgust"":0.991389811038971,""sadness"":0.013244416564702988,""surprise"":0.002399706281721592,""fear"":0.0025515821762382984}"
"বাধা সৃষ্টি করতো ৬ লোকের সমাগম হইতো",,"weaklyNegative",-0.5998317480087281,"{""neutral"":0.040243469178676605,""happy"":0.0016209871973842382,""anger/disgust"":0.8134838342666626,""sadness"":0.137459859251976,""surprise"":0.01789267733693123,""fear"":0.020148707553744316}"
"চট্টগ্রাম ট্রেইলর দেখেছেন মাত্রপুরো সিনেমা দেখবেন ঢাকায় ইনশাআল্লাহ",,"stronglyPositive",0.967619848251343,"{""neutral"":0.004865722265094519,""happy"":0.995403528213501,""anger/disgust"":0.0006741352844983339,""sadness"":0.0008294967119581997,""surprise"":0.0024120856542140245,""fear"":0.00027333831530995667}"
"জনস্রোত দিচ্ছে বিজয় নিকটে ইনশাআল্লাহ",,"stronglyPositive",0.9999650478363038,"{""neutral"":0.0005970897618681192,""happy"":0.9991376399993896,""anger/disgust"":0.00025123279192484915,""sadness"":0.0001878103066701442,""surprise"":0.0016846898943185806,""fear"":0.00003524660496623255}"
"বাদা আন্দোলন বন্ধ আরো জোরদার ইনশাআল্লাহ জনগণের পিঠ দেয়ালে ঠেকে রাজপথে ফায়সালা ইনশাআল্লাহ তত্ত্বাবধায়ক সরকারের অধীনে নির্বাচন বাধ্য সরকার",,"stronglyNegative",-0.9976592063903809,"{""neutral"":0.005519103724509478,""happy"":0.008906382136046886,""anger/disgust"":0.9743146896362305,""sadness"":0.0542900487780571,""surprise"":0.003876217408105731,""fear"":0.008445710875093937}"
"চট্টগ্রাম স্বাধীনতার ঘোষণা দিয়েছিলেন শহীদ প্রেসিডেন্ট জিয়াউর রহমান চট্টগ্রাম বিভাগীয় গন মহাসমাবেশ সরকারের পতন ইনশাআল্লাহ",,"stronglyPositive",0.9996607780456543,"{""neutral"":0.016771219670772552,""happy"":0.01611052267253399,""anger/disgust"":0.9754568338394165,""sadness"":0.008116758428514004,""surprise"":0.002398937940597534,""fear"":0.0008850292069837451}"
"চলছে আন্দোলন চলবে জিয়ার সৈনিক লড়বে দাবি মোদের একটাই অবৈধ স্বৈরাচার সরকারের পতন চাইজয়পুরহাট জেলা এন ছাএদল",,"stronglyPositive",0.9947197675704957,"{""neutral"":0.0038467678241431713,""happy"":0.009356137365102768,""anger/disgust"":0.985162079334259,""sadness"":0.023182224482297897,""surprise"":0.00237404671497643,""fear"":0.0017298465827479959}"
"জনগণ গনতন্ত্র পাবে ইনশাআল্লাহ",,"stronglyPositive",0.9984137296676636,"{""neutral"":0.12539230287075043,""happy"":0.8340660929679871,""anger/disgust"":0.03371166065335274,""sadness"":0.010521230287849903,""surprise"":0.0012955860001966357,""fear"":0.0013057360192760825}"
"চলছে আন্দোলন চলবে জিয়ার সৈনিক লড়বে বীর মুক্তিযোদ্ধা শিক্ষা বন্ধু সাবেকএমপি গাজীপুর মহানগর বিএনপির সাবেক সভাপতি আলহাজ্ব হাসান উদ্দীন সরকার",,"stronglyPositive",0.999938726425171,"{""neutral"":0.08205141127109528,""happy"":0.0991850420832634,""anger/disgust"":0.8373731970787048,""sadness"":0.04197477549314499,""surprise"":0.007556386291980743,""fear"":0.00477922149002552}"
"গাজীপুর ০২ টংঈী জয়দেবপুর গণমানুষের প্রিয় নেতা বীরমুক্তিযোদ্ধা আলহাজ্ব হাসান উদ্দীন সরকার পক্ষ শত হামলার মধ্য দিয়ে গন মহাসমাবেশ সফল চট্টগ্রাম বিভাগের বিএনপির নেতাকর্মীদের আন্তরিক শুভেশ্ছা অভিনন্দন",,"stronglyPositive",0.9999200105667115,"{""neutral"":0.013795948587357998,""happy"":0.9841424822807312,""anger/disgust"":0.013008656911551952,""sadness"":0.008421494625508785,""surprise"":0.006145304534584284,""fear"":0.0016789280343800783}"
"নাঃগঞ্জের মাফিয়া সন্তান বলেছে ৪ ৫ লোকের সমাগম হয়েছে জারুয়া কোথাকার",,"stronglyNegative",-0.9998875856399536,"{""neutral"":0.00022824190091341734,""happy"":0.00013359620061237365,""anger/disgust"":0.9996484518051147,""sadness"":0.0013231270713731647,""surprise"":0.0004677041433751583,""fear"":0.000028108963306294754}"
"সাগর মুন্সি লাফালাফি আবল তাবোল কখা বলো ভাই সুস্থ মাথায় ভাবলে হাসি লাগে সবাই সাধীন দেশেের নাগরিক",,"weaklyNegative",-0.44958920478820796,"{""neutral"":0.007230439223349094,""happy"":0.2142675668001175,""anger/disgust"":0.937307596206665,""sadness"":0.024320201948285103,""surprise"":0.0024185115471482277,""fear"":0.0006616914179176092}"
"মিথ্যা বলার একটা সীমা তোমাদের বিএনপির জন্ম মিথ্যা",,"stronglyNegative",-0.9999367713928222,"{""neutral"":0.00019391025125514716,""happy"":0.00021577034203801304,""anger/disgust"":0.9996143579483032,""sadness"":0.001370333950035274,""surprise"":0.00029595260275527835,""fear"":0.000021890040443395264}"
"সকল বাধা উপেক্ষা গৌণ সমাবেশ সফল রাজশাহী মহানগর ছাত্রদলের পক্ষ শুভেচ্ছা অভিনন্দন",,"stronglyPositive",0.9986367702484131,"{""neutral"":0.0005142700974829495,""happy"":0.9994934797286987,""anger/disgust"":0.0003065100754611194,""sadness"":0.000521742447745055,""surprise"":0.0032672970555722713,""fear"":0.00004864968286710791}"
"বিএনপি সমাবেশ লীগের মাথা নষ্ট খালি ঘেউ ঘেউ",,"stronglyNegative",-0.9999310493469238,"{""neutral"":0.00016027204401325434,""happy"":0.0001554233895149082,""anger/disgust"":0.9997377991676331,""sadness"":0.002055499469861388,""surprise"":0.0003226988192182034,""fear"":0.000019525865354808047}"
"চট্টগ্রামে মাছি মশা গতকাল চট্টগ্রামের রাজপথে নিশি রাতের ভোট চোরের একটা পাতি নেতা রাজপথে",,"stronglyNegative",-0.9999426364898681,"{""neutral"":0.00037664041155949235,""happy"":0.00031873039552010596,""anger/disgust"":0.9986746311187744,""sadness"":0.004413424525409937,""surprise"":0.0009869913337752223,""fear"":0.0002066335582640022}"
"বিএন ছাএদল খেলা",,"neutral",-0.19997594356536866,"{""neutral"":0.9989742040634155,""happy"":0.00025580759393051267,""anger/disgust"":0.0005055801593698561,""sadness"":0.00009626273822505027,""surprise"":0.0004245301242917776,""fear"":0.00009670887811807916}"
"নারায়ে তাকবীর ১ম শব্দটি নারায়ে উর্দূ অর্থ ধ্বনী উচ্চ আওয়াজ দ্বিতীয় শব্দটি তাকবীর আরবি অর্থ আল্লাহর বড়ত্ব শ্রেষ্ঠত্ব নারায়ে তাকবীর অর্থ তোমরা উচ্চ আওয়াজে আল্লাহর বড়ত্বের ঘোষণা দাও আল্লাহু আকবার আল্লাহ সর্বশক্তিমান",,"neutral",0.1993557095527649,"{""neutral"":0.9583262205123901,""happy"":0.05117332562804222,""anger/disgust"":0.0003915663401130587,""sadness"":0.00021110475063323975,""surprise"":0.0026400049682706594,""fear"":0.00041899195639416575}"
"কই গুন্ডা লীগদের ত দেখি",,"weaklyNegative",-0.43631744384765625,"{""neutral"":0.0018489320063963532,""happy"":0.00023026751296129078,""anger/disgust"":0.9962177872657776,""sadness"":0.0026476599741727114,""surprise"":0.001867219340056181,""fear"":0.00011012064351234585}"
"পশাসনের লোক রাখছে আওয়ামী লীগ মাঠে",,"weaklyNegative",-0.599886918067932,"{""neutral"":0.00437886780127883,""happy"":0.0009990313556045294,""anger/disgust"":0.9819853901863098,""sadness"":0.032399069517850876,""surprise"":0.0026001487858593464,""fear"":0.0025248180609196424}"
"নারায়ে তাকবির আল্লাহু আকবর",,"stronglyPositive",0.9561005353927614,"{""neutral"":0.8572513461112976,""happy"":0.15400192141532898,""anger/disgust"":0.0013982101809233427,""sadness"":0.000313037249725312,""surprise"":0.0014355976600199938,""fear"":0.00021703496167901903}"
"গর্ভবতী মায়ের বাচ্চা প্রসবের ব্যাথা আসে বুঝা দেরি মেহমানের আগমন ঘটবে সত্য বর্তমানে বাংলাদেশের রাজনীতির মাঠে জালেম সরকার বিরোধী দলের যেভাবে অত্যাচার নির্যাতন নিপিরণ জেল জুলুম একেবারে শেষের পৃথিবীর জমিনে স্বৈরাচার টিকতে পারবেও ইনশাআল্লাহ",,"stronglyNegative",-0.9991718769073487,"{""neutral"":0.058805208653211594,""happy"":0.11960070580244064,""anger/disgust"":0.56583571434021,""sadness"":0.5043361186981201,""surprise"":0.0578170083463192,""fear"":0.23233233392238617}"
"চট্টগ্রাম যেম তোদের বাপ দাদার",,"stronglyNegative",-0.9483530998229981,"{""neutral"":0.00029983752756379545,""happy"":0.0002457241644151509,""anger/disgust"":0.9991783499717712,""sadness"":0.0020689789671450853,""surprise"":0.0002641298051457852,""fear"":0.00003274274058640003}"
"বিএনপির জনগণ আওয়ামী লীগের মাথা নষ্ট",,"stronglyNegative",-0.999944019317627,"{""neutral"":0.00021293482859618962,""happy"":0.0001936644985107705,""anger/disgust"":0.9995525479316711,""sadness"":0.0024057822301983833,""surprise"":0.00041783382766880095,""fear"":0.00004050482311868109}"
"এসো সবাই যোগদান বিএনপির গণ মিছিল ইনশাল্লাহ বাংলাদেশ আসবে",,"weaklyPositive",0.5971404552459718,"{""neutral"":0.14976659417152405,""happy"":0.4944821000099182,""anger/disgust"":0.43536385893821716,""sadness"":0.03354094550013542,""surprise"":0.009671426378190517,""fear"":0.006767587270587683}"
"লুডু অডিয়া পাটিয়া খাওয়াবো আল্লাহর ডাক শেখ হাসিনা আল্লাহর ডাক ইয়া নাফসি ইয়া নাফসি তাআলা ক্ষমা করব জানিনা",,"weaklyPositive",0.508737850189209,"{""neutral"":0.04954150319099426,""happy"":0.03969871252775192,""anger/disgust"":0.7982596158981323,""sadness"":0.17615610361099243,""surprise"":0.024948058649897575,""fear"":0.10388164967298508}"
"ইনশাআল্লাহ বিজয় বিএনপি রাজপথের দিয়ে",,"weaklyPositive",0.5213242053985596,"{""neutral"":0.010468029417097569,""happy"":0.9822800755500793,""anger/disgust"":0.010604660026729107,""sadness"":0.0023361293133348227,""surprise"":0.0023557585664093494,""fear"":0.0005691430415026844}"
"এনপি মানে দেশের ৮০ মানুষ এইটা রাখবে খালেদা তারেক রহমানের কথা মনু",,"stronglyNegative",-0.9998378992080689,"{""neutral"":0.0022355448454618454,""happy"":0.0013540236977860332,""anger/disgust"":0.9899998307228088,""sadness"":0.020924460142850876,""surprise"":0.0025719930417835712,""fear"":0.0010888862889260054}"
"বদ্দা তুয়ারে নো দেহিলাম",,"stronglyNegative",-0.9962997674942017,"{""neutral"":0.002434126101434231,""happy"":0.0006661916268058121,""anger/disgust"":0.9948959946632385,""sadness"":0.0016145933186635375,""surprise"":0.004223582334816456,""fear"":0.0000991804336081259}"
"আওয়ামীলীগ ছারদিবি বিএনপি আওয়ামীলীগ ছার দিবেনা",,"weaklyNegative",-0.5995482206344604,"{""neutral"":0.00367713556624949,""happy"":0.0009486466296948493,""anger/disgust"":0.993081271648407,""sadness"":0.007430676370859146,""surprise"":0.0015435448149219155,""fear"":0.00042932300129905343}"
"১২ তারিখে কই আছিলো কুত্তালীগ",,"stronglyNegative",-0.9998106479644775,"{""neutral"":0.0006726873689331114,""happy"":0.00010876864689635113,""anger/disgust"":0.9990430474281311,""sadness"":0.00089589215349406,""surprise"":0.0009597634198144078,""fear"":0.000021445745005621575}"
"ক্ষমতাশীলরা গণমানুষের আন্দোলন ঠেকাতে মরিয়া উঠেছে আওয়ামী লীগের লোকজন ফালতু কথা এগুলো এরাতো একদম ফালতু একথা প্রমাণিত সমাবেশে শত বাধা দিয়েও ব্যর্থ সমাবেশ সফল শাসনের নামে শোষণ পারবেনা সময়ের অপেক্ষায় এক দফা এক দাবী হাসিনা তুই যাবি",,"stronglyNegative",-0.9997718572616577,"{""neutral"":0.0007045633974485099,""happy"":0.0015320830279961228,""anger/disgust"":0.9955730438232422,""sadness"":0.026372790336608887,""surprise"":0.0016859559109434485,""fear"":0.0012716043274849653}"
"লীগ ক্ষমতায় থ্যাংকু ভেঙ্গে ফেলে দেবো",,"stronglyNegative",-0.9993584871292114,"{""neutral"":0.0006565849180333316,""happy"":0.0003277639043517411,""anger/disgust"":0.9985255599021912,""sadness"":0.004767885897308588,""surprise"":0.000628128123935312,""fear"":0.00028497239691205323}"
"চট্টগ্রাম তোদের বাপের আন্দোলন প্রোত্যক দলের অধিকার জনজীবনে ক্ষতি",,"stronglyNegative",-0.9998884439468384,"{""neutral"":0.00030203149071894586,""happy"":0.00029032162274233997,""anger/disgust"":0.9986169338226318,""sadness"":0.007701016031205654,""surprise"":0.0006158315809443593,""fear"":0.00017625524196773767}"
"প্রশাসন আম্বামিলিগ দুধের শিশু",,"weaklyNegative",-0.5872795581817627,"{""neutral"":0.05538210645318031,""happy"":0.06456336379051208,""anger/disgust"":0.7074697017669678,""sadness"":0.198629692196846,""surprise"":0.07419881969690323,""fear"":0.042209528386592865}"
"আলহামদুলিল্লাহ্ দেশ ভালো",,"stronglyPositive",0.9991356134414674,"{""neutral"":0.0007927019032649696,""happy"":0.9990559220314026,""anger/disgust"":0.00046120781917124987,""sadness"":0.0006968542584218085,""surprise"":0.0013766518095508218,""fear"":0.00005297829193295911}"
"লাঠি লাঠি লাঠি ছাই",,"stronglyNegative",-0.918520736694336,"{""neutral"":0.04979496821761131,""happy"":0.0069785043597221375,""anger/disgust"":0.9421985745429993,""sadness"":0.004041120409965515,""surprise"":0.005148271098732948,""fear"":0.00045040727127343416}"
"আওয়ামীলীগ নেতা কর্মীরা বিএনপির তে যোগদেয়া ছে",,"weaklyNegative",-0.5997962951660156,"{""neutral"":0.25933128595352173,""happy"":0.004069333430379629,""anger/disgust"":0.7184695601463318,""sadness"":0.0699247419834137,""surprise"":0.03134592995047569,""fear"":0.017798803746700287}"
"সফল স্বৈরাচার নিপাত যাক গণতন্ত্র মুক্তি পাক",,"stronglyPositive",0.9995711565017702,"{""neutral"":0.12740904092788696,""happy"":0.09529992938041687,""anger/disgust"":0.6799338459968567,""sadness"":0.04598765820264816,""surprise"":0.0038667547050863504,""fear"":0.0037411970552057028}"
"মানুষ দাত ভাঙ্গা জবাব দেওয়ার",,"stronglyNegative",-0.9996403217315674,"{""neutral"":0.014873482286930084,""happy"":0.011087782680988312,""anger/disgust"":0.9341415762901306,""sadness"":0.06842190772294998,""surprise"":0.008129429072141647,""fear"":0.007081126794219017}"
"কুওা পালানের জায়গা পাবি",,"weaklyNegative",-0.5998486518859862,"{""neutral"":0.036116063594818115,""happy"":0.0014691202668473125,""anger/disgust"":0.9239906668663025,""sadness"":0.04379650950431824,""surprise"":0.00537379365414381,""fear"":0.0043678428046405315}"
"বিএনপির সফল ইনশাআল্লাহ সুষ্ঠু নির্বাচন বিএনপি আসবে",,"stronglyPositive",0.9999505043029786,"{""neutral"":0.04515733942389488,""happy"":0.9386982321739197,""anger/disgust"":0.028707310557365417,""sadness"":0.003979537636041641,""surprise"":0.001906672609038651,""fear"":0.000698828836902976}"
"ভোট চোরদের নেতা",,"stronglyNegative",-0.9999252080917358,"{""neutral"":0.0007964976830407977,""happy"":0.00029617504333145916,""anger/disgust"":0.9986016154289246,""sadness"":0.0034570503048598766,""surprise"":0.0009824538137763739,""fear"":0.00013449783727992326}"
"দামরালীগের শেশ খালেদাজিয়ার বাংলাদেশ",,"stronglyNegative",-0.999731969833374,"{""neutral"":0.0001945601252373308,""happy"":0.00034775666426867247,""anger/disgust"":0.9994269609451294,""sadness"":0.002791160251945257,""surprise"":0.00039397875661961734,""fear"":0.00004872680437983945}"
"চট্টগ্রাম যেভাবে জিয়াউর রহমানের ঘোষণায় দেশ স্বাধীন হয়েছিলো ইনশাল্লাহ আশা এবারো চট্টগ্রাম মাফিয়া সরকারের পতনের ডাক আসবে",,"stronglyPositive",0.9920907020568849,"{""neutral"":0.018473846837878227,""happy"":0.0892568901181221,""anger/disgust"":0.9514901041984558,""sadness"":0.020605167374014854,""surprise"":0.0032960937824100256,""fear"":0.0009768267627805471}"
"খেলা থেমে থাকার খেলা জয় হবেই",,"weaklyPositive",0.5999053239822388,"{""neutral"":0.03127465397119522,""happy"":0.9405746459960938,""anger/disgust"":0.06107627972960472,""sadness"":0.019042253494262695,""surprise"":0.013529418036341667,""fear"":0.0028492198325693607}"
"বিএনপির মিটিংয়ে সরকারের গায়ে জালা বেরে উটে",,"stronglyNegative",-0.9969439268112182,"{""neutral"":0.0036350504960864782,""happy"":0.0019167946884408593,""anger/disgust"":0.9660949110984802,""sadness"":0.05686993896961212,""surprise"":0.005206943955272436,""fear"":0.014233133755624294}"
"বিএনপি এগিয়ে চলো আছি পাশে",,"weaklyPositive",0.5817383289337159,"{""neutral"":0.07606733590364456,""happy"":0.9330757856369019,""anger/disgust"":0.006966968532651663,""sadness"":0.0009820967679843307,""surprise"":0.0012322922702878714,""fear"":0.00023698927543591708}"
"ভোট চোরদের পতন চাই",,"stronglyPositive",0.9458204746246339,"{""neutral"":0.00045774815953336656,""happy"":0.0006981172482483089,""anger/disgust"":0.9980393052101135,""sadness"":0.006423380691558123,""surprise"":0.00039776632911525667,""fear"":0.00019944690575357527}"
"কাম নানে যেতেই",,"neutral",-0.19993882179260256,"{""neutral"":0.5973781943321228,""happy"":0.03845725208520889,""anger/disgust"":0.16467081010341644,""sadness"":0.10240776836872101,""surprise"":0.08033757656812668,""fear"":0.010810312815010548}"
"বিএনপি খেলে খেলা এগুলো",,"weaklyNegative",-0.5998535633087159,"{""neutral"":0.004340836312621832,""happy"":0.0004445521626621485,""anger/disgust"":0.9916725754737854,""sadness"":0.007900247350335121,""surprise"":0.0020634522661566734,""fear"":0.0003097443550359458}"
"আজম নাসির২৮টা খুনের মামলার আসামি হয়েও কেমনে মেয়র বুঝিনা",,"stronglyNegative",-0.9999523162841797,"{""neutral"":0.01804375648498535,""happy"":0.002357467310503125,""anger/disgust"":0.6202095150947571,""sadness"":0.036015599966049194,""surprise"":0.6803279519081116,""fear"":0.010526841506361961}"
"ঘর সামলাতে বিএনপির কথা সাবেক ছাএলীগ নেতা ফাকার আলী",,"weaklyNegative",-0.5264551162719726,"{""neutral"":0.9091365337371826,""happy"":0.004262211732566357,""anger/disgust"":0.1414206176996231,""sadness"":0.007129383273422718,""surprise"":0.01014881394803524,""fear"":0.0020276466384530067}"
"সবাই এক থাকূন ৷ ধন্যবাদ",,"weaklyPositive",0.599765968322754,"{""neutral"":0.0028326588217169046,""happy"":0.9975826740264893,""anger/disgust"":0.0010041689965873957,""sadness"":0.0006644954555667937,""surprise"":0.0008430683519691229,""fear"":0.0001145194037235342}"
"বিএনপির জনসভা সফল হউক খেলা রাজপথে",,"weaklyNegative",-0.5893160820007324,"{""neutral"":0.3763742446899414,""happy"":0.06944045424461365,""anger/disgust"":0.5491902232170105,""sadness"":0.01311892457306385,""surprise"":0.0032625114545226097,""fear"":0.0022213526535779238}"
"ইনশাআল্লাহ্ খেলা মাঠে এবারের",,"weaklyPositive",0.599542284011841,"{""neutral"":0.029105210676789284,""happy"":0.9761697053909302,""anger/disgust"":0.0015674245078116655,""sadness"":0.0007068011909723282,""surprise"":0.0009165420779027045,""fear"":0.00021486457262653857}"
"এবারের চট্টগ্রাম বাসী সবাই সাথে",,"weaklyPositive",0.5998975038528443,"{""neutral"":0.4683193862438202,""happy"":0.7077505588531494,""anger/disgust"":0.006978613790124655,""sadness"":0.0018526819767430425,""surprise"":0.00102884485386312,""fear"":0.0006181266508065164}"
"তোর মায়েরে চ রে",,"weaklyPositive",0.40491940975189217,"{""neutral"":0.05519762262701988,""happy"":0.0015774867497384548,""anger/disgust"":0.07799939811229706,""sadness"":0.7150537967681885,""surprise"":0.016798974946141243,""fear"":0.03266749903559685}"
"আঘাত আসবে সেখানেই প্রতিঘাত করবা রাখবা প্রতিটা আওয়ামী দুঃশাসন মুক্ত ছাড়ব ইনশাআল্লাহ",,"stronglyPositive",0.9812966346740724,"{""neutral"":0.0015361601253971457,""happy"":0.0032095739152282476,""anger/disgust"":0.9963598847389221,""sadness"":0.0045868693850934505,""surprise"":0.0006925188936293125,""fear"":0.00024679151829332113}"
"বিএনপি কর্মীরাও চাই আওয়ামীলীগ রাজপথে আসো পুলিশবাহিনী আওয়ামী লীগ আসুক রাজপথে দেখি দম বিয়ের প্রস্তুত আছি",,"stronglyNegative",-0.9993524551391602,"{""neutral"":0.002602052642032504,""happy"":0.0017882244428619742,""anger/disgust"":0.9939296245574951,""sadness"":0.006717183627188206,""surprise"":0.002010944066569209,""fear"":0.0009894156828522682}"
"আউমিলীগের বিখারী",,"neutral",-0.19793915748596191,"{""neutral"":0.0054755862802267075,""happy"":0.004539386369287968,""anger/disgust"":0.9787942171096802,""sadness"":0.030751321464776993,""surprise"":0.003962603397667408,""fear"":0.002846923191100359}"
"গণতন্ত্রের ভাষায় কথা বলতেছেন বাকশালের ভাষায় কথা বলতেছেন জানাবেন",,"weaklyNegative",-0.5988929510116576,"{""neutral"":0.003011624561622739,""happy"":0.0012264029355719686,""anger/disgust"":0.9917486906051636,""sadness"":0.012035452760756016,""surprise"":0.002568831667304039,""fear"":0.0003997274034190923}"
"আমারা আছি আপনাদে সাথে রৌমারি",,"weaklyPositive",0.5584283590316773,"{""neutral"":0.16483505070209503,""happy"":0.9152746200561523,""anger/disgust"":0.001951801823452115,""sadness"":0.001251760870218277,""surprise"":0.0008175720577128232,""fear"":0.00043823564192280173}"
"এন পাস ইনশাআল্লাহ",,"weaklyPositive",0.5896950483322144,"{""neutral"":0.005266474559903145,""happy"":0.9949337840080261,""anger/disgust"":0.001102075562812388,""sadness"":0.0007396613946184516,""surprise"":0.002529802965000272,""fear"":0.00021129203378222883}"
"আওয়ামীলীগর গজব পড়বে ইনশাআল্লাহ তোমরা জালেম সত্যরে মিথ্যা মিথ্যা রে সত্যো বানাও আল্লাহ পাক মহান দেশের চোরের আল্লার গজব পড়বে",,"stronglyNegative",-0.998857569694519,"{""neutral"":0.0021890189964324236,""happy"":0.005682659801095724,""anger/disgust"":0.9876666069030762,""sadness"":0.033232543617486954,""surprise"":0.002525129122659564,""fear"":0.004346905741840601}"
"জিয়ার সৈনিক এক হও এক হও",,"stronglyPositive",0.9997164726257326,"{""neutral"":0.33651164174079895,""happy"":0.40691202878952026,""anger/disgust"":0.14947044849395752,""sadness"":0.029749328270554543,""surprise"":0.007746302988380194,""fear"":0.012373430654406548}"
"হাসাও মাহমুদ চট্রগ্রামের কলংক",,"stronglyNegative",-0.999509310722351,"{""neutral"":0.010503146797418594,""happy"":0.3366079330444336,""anger/disgust"":0.8688940405845642,""sadness"":0.02043723501265049,""surprise"":0.01273229531943798,""fear"":0.0012163647916167974}"
"একটা জেলার ঢল শয্য ক্ষমতা আওয়ামী",,"stronglyNegative",-0.9986384153366089,"{""neutral"":0.001998060615733266,""happy"":0.0006838701665401459,""anger/disgust"":0.9929758310317993,""sadness"":0.011953267268836498,""surprise"":0.0040416172705590725,""fear"":0.0009973024716600776}"
"তোমাদের সাথে সরকারের পতন নিশ্চিত",,"stronglyNegative",-0.9998571872711182,"{""neutral"":0.001914838096126914,""happy"":0.0021674383897334337,""anger/disgust"":0.9896883368492126,""sadness"":0.01753743551671505,""surprise"":0.001603835728019476,""fear"":0.004559908527880907}"
"চট্টগ্রাম স্বাধীনতার ঘোষণা দিয়েছিলেন শহীদ প্রেসিডেন্ট জিয়াউর রহমান চট্টগ্রাম বিভাগীয় গন মহাসমাবেশ সরকারের পতন ইনশাআল্লাহ",,"stronglyPositive",0.9996607780456543,"{""neutral"":0.016771219670772552,""happy"":0.01611052267253399,""anger/disgust"":0.9754568338394165,""sadness"":0.008116758428514004,""surprise"":0.002398937940597534,""fear"":0.0008850292069837451}"
"দিয়ে বিএনপিকে ধমিয়ে যাবেনা অত্যাচারের সিমা ছাড়িয়ে",,"stronglyNegative",-0.9999136209487915,"{""neutral"":0.0027637239545583725,""happy"":0.0014528828905895352,""anger/disgust"":0.9748005270957947,""sadness"":0.05470721796154976,""surprise"":0.0033611867111176252,""fear"":0.005468276329338551}"
"হিজাব পড়ে সংবাদ পাঠ ভালো লাগলো শুভ কামনা রইলো সংবাদ পাঠিকার",,"weaklyPositive",0.59447340965271,"{""neutral"":0.000209061021450907,""happy"":0.9997333884239197,""anger/disgust"":0.00025117385666817427,""sadness"":0.00022339845600072294,""surprise"":0.0008272710838355124,""fear"":0.00001789831367204897}"
"আওয়ামীলিগ বিএনপি দেশটারে পাইছে দেশটা বাপ দাদার বিটা",,"stronglyNegative",-0.99992835521698,"{""neutral"":0.0002664854982867837,""happy"":0.00022645553690381348,""anger/disgust"":0.9990725517272949,""sadness"":0.004653961397707462,""surprise"":0.0005209287628531456,""fear"":0.00010285378084518015}"
"মাথায় কাপড় দিয়ে সংবাদ পড়ার আপনাকে অসংখ্য ধন্যবাদ",,"stronglyPositive",0.9999459266662598,"{""neutral"":0.00046155593008734286,""happy"":0.9992368221282959,""anger/disgust"":0.0005222397739998996,""sadness"":0.00015659276687074453,""surprise"":0.0002899407409131527,""fear"":0.000010800077689054888}"
"চট্টগ্রাম স্বাধীনতার ঘোষণা দিয়েছিলেন শহীদ প্রেসিডেন্ট জিয়াউর রহমান চট্টগ্রাম বিভাগীয় গন মহাসমাবেশ সরকারের পতন ইনশাআল্লাহ",,"stronglyPositive",0.9996607780456543,"{""neutral"":0.016771219670772552,""happy"":0.01611052267253399,""anger/disgust"":0.9754568338394165,""sadness"":0.008116758428514004,""surprise"":0.002398937940597534,""fear"":0.0008850292069837451}"
"ভিডিওটা পারলে শামিম ওসমানকে দেখান",,"neutral",-0.199950110912323,"{""neutral"":0.962074875831604,""happy"":0.0035900871735066175,""anger/disgust"":0.05135921388864517,""sadness"":0.0013840305618941784,""surprise"":0.001253230613656342,""fear"":0.0003790960763581097}"
"হিজাব সংবাদ পাঠ করতেছে আপনাকে সালাম জানাই আপু তোমাকে",,"stronglyPositive",0.999827265739441,"{""neutral"":0.05513887479901314,""happy"":0.9589596390724182,""anger/disgust"":0.0025977399200201035,""sadness"":0.0024849441833794117,""surprise"":0.0018236248288303614,""fear"":0.0004305661132093519}"
"হিজাব পড়ায় আপাকে খুবই সুন্দর লাগছে আপার দোয়া শুভকামনা",,"stronglyPositive",0.9999613761901857,"{""neutral"":0.00010920919157797471,""happy"":0.9998154044151306,""anger/disgust"":0.0001037108086165972,""sadness"":0.00020618563576135784,""surprise"":0.0008035305654630065,""fear"":0.000012014368621748872}"
"আওয়ামী লীগের নেতারা বলতেছে ৫ ১০ লোক সমাগম হয়েছে সমাবেশ হয়েছে আপনারা বলতেছেন জনসমুদ্র হয়েছে",,"weaklyNegative",-0.5969607353210449,"{""neutral"":0.023782752454280853,""happy"":0.0025346518959850073,""anger/disgust"":0.9236485958099365,""sadness"":0.032675884664058685,""surprise"":0.10526327043771744,""fear"":0.018076859414577484}"
"হাছান মাহমুদ সামিম কাদের অন্ধ",,"weaklyNegative",-0.5994100809097289,"{""neutral"":0.031150924041867256,""happy"":0.006585621275007725,""anger/disgust"":0.8752137422561646,""sadness"":0.1458665281534195,""surprise"":0.008441567420959473,""fear"":0.00809731800109148}"
"এক সমাবেশেই আওয়ামী লীগের বুকে কম্পন ইনশাআল্লাহ আরো ভালো কিছুর অপেক্ষায় জয় আমাদেরই",,"stronglyPositive",0.9987046957015993,"{""neutral"":0.07855860143899918,""happy"":0.8294416069984436,""anger/disgust"":0.1369948834180832,""sadness"":0.0797339603304863,""surprise"":0.0216660238802433,""fear"":0.015902360901236534}"
"হিজাব পড়ে সংবাদ পাঠ ভালো লাগলো শুভ কামনা রইলো সংবাদ পাঠিকার",,"weaklyPositive",0.59447340965271,"{""neutral"":0.000209061021450907,""happy"":0.9997333884239197,""anger/disgust"":0.00025117385666817427,""sadness"":0.00022339845600072294,""surprise"":0.0008272710838355124,""fear"":0.00001789831367204897}"
"একটু জোরে বলবেন আপু আওয়ামী জনগণকেই পাই নি",,"weaklyNegative",-0.5998644351959228,"{""neutral"":0.0013310277136042714,""happy"":0.0004886292153969407,""anger/disgust"":0.9957116842269897,""sadness"":0.009408864192664623,""surprise"":0.0009872876107692719,""fear"":0.0004349054943304509}"
"বান টোনা কুফরি বিয়ে বন্দ নিসন্তানমনের মানুষ অবাধ্য পারিবারিক সম্সাআরো সম্সার সমাধান তান্ত্রিক সরৎ আকবর",,"stronglyNegative",-0.9998413801193238,"{""neutral"":0.14545978605747223,""happy"":0.06051545590162277,""anger/disgust"":0.7404266595840454,""sadness"":0.16123218834400177,""surprise"":0.029473228380084038,""fear"":0.03226524591445923}"
"বাংলাদেশর মহিলা মাথায় হিজাব পড়ে সংবাদ পাঠ করতেচে",,"neutral",-0.19939966201782228,"{""neutral"":0.6548019051551819,""happy"":0.004270782694220543,""anger/disgust"":0.08635922521352768,""sadness"":0.012337902560830116,""surprise"":0.28940051794052124,""fear"":0.018394112586975098}"
"বছর সংবাদ পাঠিকা হিজাব পড়ে খবর পড়তে দেখলাম ধন্যবাদ আপু সাথে বাংলাভিশন কেও ধন্যবাদ",,"weaklyPositive",0.5997071504592897,"{""neutral"":0.00045085418969392776,""happy"":0.9994598031044006,""anger/disgust"":0.00026780765620060265,""sadness"":0.00026184707530774176,""surprise"":0.0011008584406226873,""fear"":0.000032199885026784614}"
"বাধা আসবে লড়াই",,"weaklyNegative",-0.5982995271682738,"{""neutral"":0.2800523042678833,""happy"":0.014265269041061401,""anger/disgust"":0.2674999237060547,""sadness"":0.2930321991443634,""surprise"":0.03129316493868828,""fear"":0.14126986265182495}"
"দাবি একটাই ভোট চোর সরকারের পতন চাই",,"stronglyPositive",0.9489695310592652,"{""neutral"":0.00030459935078397393,""happy"":0.0002356814657105133,""anger/disgust"":0.9993058443069458,""sadness"":0.0030278379563242197,""surprise"":0.0004203213029541075,""fear"":0.00007505300163757056}"
"গণতন্ত্রের রুপকার প্রেসিডেন্ট জিয়াউর রহমানের স্মরণে ক্ষুদ্রতম উপহার নিবেদিতো লেখা কবিতাদলমত নির্বিশেষে সকলে পড়ুন স বিতা শিরোনামঃ শহীদ জিয়া রচনায়ঃ সৈয়দ ইসমাইল হোসেন জনিদেশ দরদী নেতা ছিলেনজিয়াউর রহমান গণতন্ত্রের মানসপুত্রগাই গুণগান বহুদলীয় গণতন্ত্রের জনক হলেন মহান নীতির কাছেসকল বাঙালি ঋণী স্বাধীনতার ঘোষণা দিয়েমুক্তিযুদ্ধ সীমাহীন পরিশ্রম করেএই দেশ গড়েছেন বীর উত্তম শহীদ জিয়ানিজে খাল কেটেছেন দেশের উন্নয়নের জন্যআজীবন খেটেছেন শহীদ জিয়ার অবদানকখনো হবেনা ম্লান বিপথগামী সৈনিককেড়ে নিছে প্রাণ আদর্শ নেতারজগতে তুলনা বাংলার জনগণ তাকেহৃদয়ে দিছেন ঠাঁই গড়েছিলেন দলতার নাম এন আদর্শ দলকেদেশবাসী ভোলেন নি ধানের শীষ প্রতীক নিয়েস্ব গৌরবে টিকে আবালবৃদ্ধবনিতা মিলেমনে রাখছে স্মৃতিকে ভালোবাসোদাও প্রতিদান খালেদাজিয়ার পাশে আসোভুলে অভিমান স্বাধীনতার ঘোষক জিয়ানাই তুলনা সবুজ দেশ গড়তে হলেতার আদর্শ ভুলনা জনি প্রতিক্ষণে বেঁচে স্বপ্ন নিয়া প্রতিটি জনগণের মনেজাগ্রত শহীদ জিয়া রচনাকাল ২০ ১১ ২০১১ ইং০১৭১৮১৬৩৫৫১ ইমু একসাথে",,"stronglyPositive",0.9998748779296875,"{""neutral"":0.05633005499839783,""happy"":0.7096316814422607,""anger/disgust"":0.421376496553421,""sadness"":0.28464990854263306,""surprise"":0.05644189193844795,""fear"":0.05620134249329567}"
"হাজারো নাস্তিক মহিলা আপনাকে হেদায়েতের পথে আসবে যেগুলা পোশাক আন্দোলন আপনাকে শিখতে পারবে পেশাকে আল্লাহতালা কবুল নিন নাক হায়াত দান করুন",,"stronglyPositive",0.9892953872680665,"{""neutral"":0.10170082747936249,""happy"":0.4356933534145355,""anger/disgust"":0.5392052531242371,""sadness"":0.10722686350345612,""surprise"":0.04526906460523605,""fear"":0.025086604058742523}"
"রিপোর্টার বলতাছে মানুষের গন জোয়ার হয়েছে সামিম উসমানইন্নায় বলতাছে মাএ ১৫ লোক হইবো কার কথা বিস্বাস করুম আম জনতা",,"stronglyNegative",-0.9998257398605347,"{""neutral"":0.03779606521129608,""happy"":0.022375231608748436,""anger/disgust"":0.8273493051528931,""sadness"":0.1917628049850464,""surprise"":0.052535489201545715,""fear"":0.0967629998922348}"
"সরকার জনগণের জনগণের থাকার কথা",,"weaklyPositive",0.5931613206863404,"{""neutral"":0.06022459641098976,""happy"":0.005328695755451918,""anger/disgust"":0.9102765321731567,""sadness"":0.032009296119213104,""surprise"":0.004219396971166134,""fear"":0.0014569528866559267}"
"লিল্লাহি তাকবীর আল্লাহু আকবার মুসলমানের স্লোগান মুনাফিকরা ভয় পাবেই",,"weaklyPositive",0.5953724384307862,"{""neutral"":0.10491512715816498,""happy"":0.23132915794849396,""anger/disgust"":0.016618220135569572,""sadness"":0.026036642491817474,""surprise"":0.027461674064397812,""fear"":0.650585412979126}"
"আপুকে ধন্যবাদ হিজাব পারার কারণে",,"stronglyPositive",0.9949842214584352,"{""neutral"":0.00048200864694081247,""happy"":0.9993410706520081,""anger/disgust"":0.0002096492680720985,""sadness"":0.00013175334606785327,""surprise"":0.00033787809661589563,""fear"":0.000011978787370026112}"
"হিজাব পড়ে সংবাদ পাঠ আপনাকে ধন্যবাদ আপা দোয়া শুভকামনা রইলো",,"stronglyPositive",0.9999369144439698,"{""neutral"":0.000698892108630389,""happy"":0.9993085861206055,""anger/disgust"":0.00014637754065915942,""sadness"":0.00010791621025418863,""surprise"":0.0005804725224152207,""fear"":0.000019422959667281248}"
"আপনাকে ধন্যবাদ হিজাব পরাজন ছাই সবাই হিজাব সংবাদ বলোক সালাম আদর্শ",,"stronglyPositive",0.9998543739318848,"{""neutral"":0.00845155119895935,""happy"":0.9876250624656677,""anger/disgust"":0.008275640197098255,""sadness"":0.0027245432138442993,""surprise"":0.0012464681640267372,""fear"":0.00039144427864812315}"
"চোর আওমিলীগ ইতিহাসে ত্রমন চোরি ত্রখন পেয়ে মানুষের খাবার চোরি যায় দেখবো ত্রই খেলা সময় ত্রসে পরেছে ত্রন দেখাবে চোর বন্ধি ত্রবং সারাজীবন অন্ধকারে পেলে ইনশাআল্লাহ",,"stronglyNegative",-0.9998286008834839,"{""neutral"":0.005252379458397627,""happy"":0.020649923011660576,""anger/disgust"":0.9454478621482849,""sadness"":0.1543770581483841,""surprise"":0.005969684105366468,""fear"":0.01961573027074337}"
"৪ মাইকিং ছাড়া বাকি সবাই এসেছে",,"neutral",-0.19883893728256227,"{""neutral"":0.5744385123252869,""happy"":0.1145867258310318,""anger/disgust"":0.0777079313993454,""sadness"":0.04284371808171272,""surprise"":0.2241855263710022,""fear"":0.02743777260184288}"
"সবাই মত সংবাদ উপস্থাপন করতো সবাইকে এরকম ভালো লাগতো",,"weaklyPositive",0.438751244544983,"{""neutral"":0.00006829711492173374,""happy"":0.9998295307159424,""anger/disgust"":0.00020315714937169105,""sadness"":0.00018764598644338548,""surprise"":0.000947226770222187,""fear"":0.000008521255040250253}"
"বলছেন জনসমুদ্র অন্যরাও কথা বলছে নির্লজ্জ হাসাও মাহমুদ বলছেন ফ্লপ সমাবেশ",,"stronglyNegative",-0.9996909618377685,"{""neutral"":0.0008997833356261253,""happy"":0.0007866416708566248,""anger/disgust"":0.9973551034927368,""sadness"":0.004073958843946457,""surprise"":0.0021745285484939814,""fear"":0.0001443773799110204}"
"চট্টগ্রাম স্বাধীনতার ঘোষণা দিয়েছিলেন শহীদ প্রেসিডেন্ট জিয়াউর রহমান চট্টগ্রাম বিভাগীয় গন মহাসমাবেশ সরকারের পতন ইনশাআল্লাহ",,"stronglyPositive",0.9996607780456543,"{""neutral"":0.016771219670772552,""happy"":0.01611052267253399,""anger/disgust"":0.9754568338394165,""sadness"":0.008116758428514004,""surprise"":0.002398937940597534,""fear"":0.0008850292069837451}"
"বাংলাভিশনের সংবাদ কর্মি আপুকে সেলুট জানাই কারন পর্দা সহকারে উপাস্তাপনা",,"stronglyPositive",0.9997366666793824,"{""neutral"":0.010575826279819012,""happy"":0.9910098314285278,""anger/disgust"":0.002805100055411458,""sadness"":0.0009809195762500167,""surprise"":0.0005284728249534965,""fear"":0.0001332355459453538}"
"মা জিয়া মুওি চাই",,"weaklyPositive",0.5883905649185182,"{""neutral"":0.0018631916027516127,""happy"":0.0011887928703799844,""anger/disgust"":0.9924193024635315,""sadness"":0.014055351726710796,""surprise"":0.0010085409739986062,""fear"":0.0007041317876428366}"
"বাংলাভিশন ধন্যবাদ জানাই নারী সংবাদ পাঠিকাকে হেজাব পোরে সংবাদ পাঠ দেওয়ায়",,"weaklyPositive",0.5990272760391236,"{""neutral"":0.03606254607439041,""happy"":0.8700151443481445,""anger/disgust"":0.254592627286911,""sadness"":0.026191471144557,""surprise"":0.010128824040293694,""fear"":0.0031343605369329453}"
"হিজাব পড়ে সংবাদ পাঠকরে মন জয় বাংলার সকল মুসলিম মোমেন মুসলিমের মন ভালো লাগলো শুভ কামনা রইলো সংবাদ পাঠিকার",,"stronglyPositive",0.9998371362686158,"{""neutral"":0.0008506374433636665,""happy"":0.9988970756530762,""anger/disgust"":0.001088700140826404,""sadness"":0.000751693092752248,""surprise"":0.0035955889616161585,""fear"":0.0001128079165937379}"
"আহ হিজাব নারীকে কতটা সুন্দর জলন্ত প্রমান সালাম রইলো ভোন",,"stronglyPositive",0.9999585151672364,"{""neutral"":0.0011000034864991903,""happy"":0.9968816041946411,""anger/disgust"":0.0011541277635842562,""sadness"":0.0003695432678796351,""surprise"":0.013205704279243946,""fear"":0.00009613376460038126}"
"খালেদা জিয়া এগিয়ে যাও",,"weaklyPositive",0.5999296426773072,"{""neutral"":0.20420992374420166,""happy"":0.7359101176261902,""anger/disgust"":0.0669335275888443,""sadness"":0.010181443765759468,""surprise"":0.003461302723735571,""fear"":0.0021714328322559595}"
"সংবাদ পাঠ আছেন হাজারো সালাম আপাহিজাব সংবাদ পাঠ আপনাকে হাজারো সালাম জানাই",,"stronglyPositive",0.9999605178833009,"{""neutral"":0.0037887226790189743,""happy"":0.9955316781997681,""anger/disgust"":0.0007878325995989144,""sadness"":0.00030780673841945827,""surprise"":0.0003211185976397246,""fear"":0.00004959605939802714}"
"আওয়ামী লীগ সরকারের শেষ সংসদের পেঁয়াজের তেল দ্বন্দ্ব",,"stronglyNegative",-0.8400407314300538,"{""neutral"":0.007577273994684219,""happy"":0.0017923436826094985,""anger/disgust"":0.9653240442276001,""sadness"":0.06374131143093109,""surprise"":0.006009429227560759,""fear"":0.001947580138221383}"
"আল্লা বিছার দিব তোমাকে করুন এদেশের জালিম সরকারের বিছার",,"stronglyNegative",-0.9992398977279663,"{""neutral"":0.0014488380402326584,""happy"":0.001556582748889923,""anger/disgust"":0.9868468642234802,""sadness"":0.026580141857266426,""surprise"":0.001285803853534162,""fear"":0.0010335890110582113}"
"ইনশাআল্লাহ বিজয় অর্জন আপনাদের",,"stronglyPositive",0.9997289657592774,"{""neutral"":0.0016030296683311462,""happy"":0.9980267882347107,""anger/disgust"":0.0004831303667742759,""sadness"":0.0003732502809725702,""surprise"":0.001345051801763475,""fear"":0.0000946253421716392}"
"চোরদের নিউজ বিবিসি কখনো",,"stronglyNegative",-0.8215889215469361,"{""neutral"":0.008666771464049816,""happy"":0.001466783112846315,""anger/disgust"":0.980383574962616,""sadness"":0.01715448871254921,""surprise"":0.009877966716885567,""fear"":0.00214076554402709}"
"লাল সবুজের পতাকাই জিয়ার তোমায় দেহা জাই",,"stronglyPositive",0.9991496086120606,"{""neutral"":0.29310131072998047,""happy"":0.5406100153923035,""anger/disgust"":0.0861525684595108,""sadness"":0.03223155438899994,""surprise"":0.043311916291713715,""fear"":0.0083567313849926}"
"হটবে সন্ত্রাস বাচবে দেশ গনতন্ত্র মুক্ত ইনশাআল্লাহ জাতীয়তাবাদী দল বিএনপি জিন্দাবাদ",,"stronglyPositive",0.9998926877975465,"{""neutral"":0.3393888771533966,""happy"":0.5016902089118958,""anger/disgust"":0.16572372615337372,""sadness"":0.012885467149317265,""surprise"":0.006548741366714239,""fear"":0.004376512952148914}"
"নারী নেত্রীত্র হাটাও এদেশ",,"weaklyNegative",-0.588574743270874,"{""neutral"":0.004653508309274912,""happy"":0.001966148614883423,""anger/disgust"":0.9921606183052063,""sadness"":0.006534371990710497,""surprise"":0.0011873070616275072,""fear"":0.00035327216028235853}"
"বুজলাম আওয়ামী লীগের ভিডিওতে হা হা বিএনপি ভিডিওতে লাব বুজলাম",,"weaklyNegative",-0.5995484590530396,"{""neutral"":0.003378455061465502,""happy"":0.9935645461082458,""anger/disgust"":0.007124878466129303,""sadness"":0.0013087264960631728,""surprise"":0.0011179865105077624,""fear"":0.00019841469475068152}"
"বিম্পি ক্ষমতায় আসলে ৬ মাসে দেশকে ধ্বংস ফেলবে",,"stronglyNegative",-0.9998787879943848,"{""neutral"":0.0020877376664429903,""happy"":0.0006952742114663124,""anger/disgust"":0.9869928359985352,""sadness"":0.04234655201435089,""surprise"":0.0024511816445738077,""fear"":0.00609420845285058}"
"চট্টগ্রাম স্বাধীনতার ঘোষণা দিয়েছিলেন শহীদ প্রেসিডেন্ট জিয়াউর রহমান চট্টগ্রাম বিভাগীয় গন মহাসমাবেশ সরকারের পতন ইনশাআল্লাহ",,"stronglyPositive",0.9996607780456543,"{""neutral"":0.016771219670772552,""happy"":0.01611052267253399,""anger/disgust"":0.9754568338394165,""sadness"":0.008116758428514004,""surprise"":0.002398937940597534,""fear"":0.0008850292069837451}"
"চরমোনাই শায়েখদের ব্যাংকের হিসাব তলব মানে সরকার দলীয় দুর্নীতিগ্রস্ত ব্যক্তিদের আড়াল চাচ্ছে যেটা সরকার প্রধান দুর্নীতির সাথে জড়িত",,"stronglyNegative",-0.9999060869216919,"{""neutral"":0.003444715403020382,""happy"":0.0014398256316781044,""anger/disgust"":0.982519268989563,""sadness"":0.04212971404194832,""surprise"":0.004044526256620884,""fear"":0.007360757794231176}"
"ঘরে যাবি কেমনে তোর বউ তোরে খাটে ঘুমাইতে নেয় এহন রাস্তা নামছো",,"stronglyNegative",-0.9999133348464966,"{""neutral"":0.008330769836902618,""happy"":0.0024011905770748854,""anger/disgust"":0.9356951713562012,""sadness"":0.09050154685974121,""surprise"":0.011789347976446152,""fear"":0.015287386253476143}"
"কুকুরের চিল্লাচিল্লি লাভ বেকার সালে ছিরি দৌড় দিবেন খুজি পাওয়া",,"stronglyNegative",-0.9995469093322754,"{""neutral"":0.0005811885930597782,""happy"":0.0002454883651807904,""anger/disgust"":0.9989349246025085,""sadness"":0.002296882215887308,""surprise"":0.0005641859606839716,""fear"":0.00005580525612458587}"
"জিয়ার সৈনিক ভীরু রক্ত জয়",,"stronglyPositive",0.9981220245361329,"{""neutral"":0.010051571764051914,""happy"":0.03903122618794441,""anger/disgust"":0.9641520977020264,""sadness"":0.016401277855038643,""surprise"":0.004178774077445269,""fear"":0.0007048612460494041}"
"অবৈধ শৈরাচারের পতন",,"stronglyNegative",-0.7992634773254395,"{""neutral"":0.02410256303846836,""happy"":0.37466898560523987,""anger/disgust"":0.7253957986831665,""sadness"":0.06269267946481705,""surprise"":0.0024285088293254375,""fear"":0.0037451342213898897}"
"লিল্লাহ তাকবির আল্লাহু আকবার",,"stronglyPositive",0.9937889814376832,"{""neutral"":0.895622968673706,""happy"":0.09483712166547775,""anger/disgust"":0.004109890200197697,""sadness"":0.0018769061425700784,""surprise"":0.0045643760822713375,""fear"":0.0023591869976371527}"
"ভাই আওয়ামী লীগে একটা জিনিস বুঝতে পারছি এতো মার খায় প্রান দিয়ে দেয় বিএনপি বুঝতে পারছি",,"stronglyNegative",-0.9997852563858032,"{""neutral"":0.013416200876235962,""happy"":0.00693759648129344,""anger/disgust"":0.8221736550331116,""sadness"":0.32532718777656555,""surprise"":0.014894387684762478,""fear"":0.012901081703603268}"
"তৃণমূল সরকার পতন চায় কেন্দ্রীয় নেতারা চায় আওয়ামী লীগ ক্ষমতায় থাকুক",,"weaklyNegative",-0.5986289978027344,"{""neutral"":0.0022955583408474922,""happy"":0.0009798654355108738,""anger/disgust"":0.9874416589736938,""sadness"":0.03130806237459183,""surprise"":0.0028267791494727135,""fear"":0.0018665245734155178}"
"বলেছে জিয়া জিয়া বাংলায়",,"neutral",0.19997799396514893,"{""neutral"":0.07029546797275543,""happy"":0.004778327886015177,""anger/disgust"":0.92635178565979,""sadness"":0.016290675848722458,""surprise"":0.023158840835094452,""fear"":0.0026655863039195538}"
"হঠাও মাফিয়া বাঁচাও দেশ টেইকব্যাক বাংলাদেশ",,"stronglyNegative",-0.9948622703552246,"{""neutral"":0.007155437488108873,""happy"":0.011129084043204784,""anger/disgust"":0.9780352115631104,""sadness"":0.020711159333586693,""surprise"":0.0022008721716701984,""fear"":0.002141094533726573}"
"আওয়ামী লিগ জাতির শত্রু সমাজের শত্রু ইসলামের শত্রু ভোট চোর দুর্নীতি বাজ অবৈধ সরকার",,"stronglyNegative",-0.9999348163604737,"{""neutral"":0.000686738349031657,""happy"":0.0009964144555851817,""anger/disgust"":0.9960297346115112,""sadness"":0.015475645661354065,""surprise"":0.0006751716719008982,""fear"":0.0005397318745963275}"
"ভোট চুরুনীর গালে জুতা মার তালে তালে",,"stronglyNegative",-0.9999336242675781,"{""neutral"":0.00018764026754070073,""happy"":0.00029671768425032496,""anger/disgust"":0.9997264742851257,""sadness"":0.0009664517710916698,""surprise"":0.0003664714458864182,""fear"":0.000017130103515228257}"
"বাঁশের লাঠি তৈরি কর ভোট চোরদের বিদায় কর গণতন্ত্র মুক্ত কর",,"stronglyPositive",0.9498494625091554,"{""neutral"":0.0005076864035800099,""happy"":0.0003620079078245908,""anger/disgust"":0.9983680844306946,""sadness"":0.0055035813711583614,""surprise"":0.0005438777734525502,""fear"":0.00018442196596879512}"
"এক সমাবেশে বুঝিয়ে বিএনপি",,"weaklyNegative",-0.4006103992462158,"{""neutral"":0.987495481967926,""happy"":0.002144915284588933,""anger/disgust"":0.005188009701669216,""sadness"":0.0007424805662594736,""surprise"":0.014272330328822136,""fear"":0.0006492166430689394}"
"বাংলাদেশের মানুষকে আওয়ামেলিক সরকার জেলখানায় বন্দী হাজারো আলেমওলামা হত্যা বিএনপির নেতাদের তাছাড়া পারেনী বর্তমান সরকার পতনের প্রয়োজন সুষ্ঠু নির্বাচন",,"stronglyNegative",-0.9999078989028931,"{""neutral"":0.00244117621332407,""happy"":0.002425618004053831,""anger/disgust"":0.9780346155166626,""sadness"":0.09927226603031158,""surprise"":0.0033876963425427675,""fear"":0.010602949187159538}"
"শুভ কামনা রইল সবসময়",,"stronglyPositive",0.9988073825836183,"{""neutral"":0.004903437104076147,""happy"":0.9968546032905579,""anger/disgust"":0.00015281932428479195,""sadness"":0.0002216115390183404,""surprise"":0.00016905204392969608,""fear"":0.00003550373367033899}"
"গণ পরিবহন বন্ধ দিয়ে সরকার গণ সমাবেশ বন্ধ পারেনি সরকার পতন হাওয়া আন্দোলন চলবে",,"stronglyNegative",-0.9270742654800415,"{""neutral"":0.0031095377635210752,""happy"":0.0013652327470481396,""anger/disgust"":0.988772451877594,""sadness"":0.02384103648364544,""surprise"":0.0020338480826467276,""fear"":0.0031149154528975487}"
"কভা রে ম হিলা দের ছ দিয়া নারা য়ে তাক বির ইসলাম অবমাননা",,"stronglyNegative",-0.9997425317764282,"{""neutral"":0.01905624195933342,""happy"":0.0054323249496519566,""anger/disgust"":0.9270803928375244,""sadness"":0.06566276401281357,""surprise"":0.019834449514746666,""fear"":0.009367046877741814}"
"ডিগ্রি পাশ",,"neutral",0.19998269081115724,"{""neutral"":0.9988370537757874,""happy"":0.00026360401534475386,""anger/disgust"":0.00025363569147884846,""sadness"":0.0007760149310342968,""surprise"":0.0004067762347403914,""fear"":0.000377767370082438}"
"ভোটাধিকার ফিরিয়ে আনতে গনতন্ত্রের দেশে গনতন্ত্র ফিরিয়ে আনতে এইভাবে দেশ চলতে শিক্ষিত তরুণ প্রজন্ম জেগে উঠলে দেশের নোংরা রাজনীতি বিলুপ্ত ইনশাল্লাহ",,"stronglyPositive",0.999766254425049,"{""neutral"":0.20691445469856262,""happy"":0.2843908369541168,""anger/disgust"":0.5638487339019775,""sadness"":0.10622682422399521,""surprise"":0.020111843943595886,""fear"":0.01780460588634014}"
"মানুষ বিএনপির সমাবেশে হাজির স্বৈরাচারের পতন নিশ্চিত",,"stronglyPositive",0.9969709634780886,"{""neutral"":0.02757527492940426,""happy"":0.06037922203540802,""anger/disgust"":0.9205479025840759,""sadness"":0.04173557087779045,""surprise"":0.01744270510971546,""fear"":0.006239056121557951}"
"মানুষ ভোটাধিকার ফেরত চাই নিরেপক্ষ সরকারের অধীনে নির্বাচন চাই দিনের ভোট দিনে চাই নীশি রাতের ভোট চাই",,"stronglyPositive",0.9985281944274904,"{""neutral"":0.004063194617629051,""happy"":0.0034457321744412184,""anger/disgust"":0.9794207811355591,""sadness"":0.04828805476427078,""surprise"":0.002338604535907507,""fear"":0.0033271382562816143}"
"ভোট চোরের আমলে সুষ্ঠু নিরপেক্ষ নির্বাচন সম্ভব",,"stronglyNegative",-0.9997641086578369,"{""neutral"":0.0010408241068944335,""happy"":0.0012124013155698776,""anger/disgust"":0.9914292693138123,""sadness"":0.02896394021809101,""surprise"":0.002072238363325596,""fear"":0.0019466746598482132}"
"নারায়ে তাকবীর আল্লাহু আকবার",,"stronglyPositive",0.9631344079971315,"{""neutral"":0.7834838032722473,""happy"":0.19996531307697296,""anger/disgust"":0.00241087912581861,""sadness"":0.0007607347797602415,""surprise"":0.0028625286649912596,""fear"":0.0007822067709639668}"
"শুভ কামনা",,"weaklyPositive",0.599921202659607,"{""neutral"":0.050181012600660324,""happy"":0.975172221660614,""anger/disgust"":0.0006512291147373617,""sadness"":0.0008012154139578342,""surprise"":0.0003450472140684724,""fear"":0.00019711734785232693}"
"আওয়ামীলীগের একজন",,"neutral",0.10436139106750489,"{""neutral"":0.8527100086212158,""happy"":0.045892857015132904,""anger/disgust"":0.08257119357585907,""sadness"":0.030224181711673737,""surprise"":0.007443967740982771,""fear"":0.0028698043897747993}"
"বিনোদন দিবে",,"weaklyPositive",0.5999386787414551,"{""neutral"":0.03627931699156761,""happy"":0.9623268246650696,""anger/disgust"":0.005792322102934122,""sadness"":0.002843316411599517,""surprise"":0.010770012624561787,""fear"":0.0009356541559100151}"
"বিএনপি বিনদন পাটি",,"neutral",-0.1992354154586792,"{""neutral"":0.07753269374370575,""happy"":0.004524572752416134,""anger/disgust"":0.916295051574707,""sadness"":0.019701950252056122,""surprise"":0.006317674648016691,""fear"":0.003703990951180458}"
"স্বৈরাচারের পতন চাই বাংলাদেশের জনগণ",,"stronglyPositive",0.9951644897460938,"{""neutral"":0.0006090578972361982,""happy"":0.0009800782427191734,""anger/disgust"":0.9980403780937195,""sadness"":0.004470586311072111,""surprise"":0.0004267178592272103,""fear"":0.00018403620924800634}"
"বাংলাদেশের দলই",,"weaklyPositive",0.5936315774917603,"{""neutral"":0.7736130356788635,""happy"":0.23654711246490479,""anger/disgust"":0.048641279339790344,""sadness"":0.024583905935287476,""surprise"":0.008127868175506592,""fear"":0.0037171742878854275}"
"জিয়ার সৈনিক এক হও এক হও",,"stronglyPositive",0.9997164726257326,"{""neutral"":0.3365117311477661,""happy"":0.40691226720809937,""anger/disgust"":0.14947035908699036,""sadness"":0.029749348759651184,""surprise"":0.007746299263089895,""fear"":0.012373425997793674}"
"পেজ ফলো করুন ব্যাক পাবেন ইনশাআল্লাহ",,"weaklyPositive",0.5988317966461183,"{""neutral"":0.021948842331767082,""happy"":0.9835785627365112,""anger/disgust"":0.000544433481991291,""sadness"":0.0003428712079767138,""surprise"":0.00025366328191012144,""fear"":0.00009919272997649387}"
"বিএনপি বাংলাদেশের সবচেয়ে জনপ্রিয় রাজনৈতিক দল",,"stronglyPositive",0.999823546409607,"{""neutral"":0.415677547454834,""happy"":0.46224695444107056,""anger/disgust"":0.021693911403417587,""sadness"":0.0007601912948302925,""surprise"":0.0014668627409264445,""fear"":0.00021389182074926794}"
"বিনপি সমাধান দিবে ত আগষ্ঠ মামলার বাধনে বাধা গুলো মিথা",,"stronglyNegative",-0.999408221244812,"{""neutral"":0.19876161217689514,""happy"":0.01448335126042366,""anger/disgust"":0.6905819177627563,""sadness"":0.11928331851959229,""surprise"":0.016154736280441284,""fear"":0.024707557633519173}"
"ইনশাআল্লাহ গনতন্ত্রের জননী দেশমাতা বেগম খালেদা জিয়া ছাড়া বাংলাদেশে নির্বাচন হবেনা",,"stronglyNegative",-0.9998490333557128,"{""neutral"":0.015796581283211708,""happy"":0.027110246941447258,""anger/disgust"":0.9591248035430908,""sadness"":0.021514907479286194,""surprise"":0.0018123137997463346,""fear"":0.0012843925505876541}"
"দানব সরকারকে হঠাতে আন্দোলনের বিকল্প",,"stronglyNegative",-0.9985415935516357,"{""neutral"":0.0007976890192367136,""happy"":0.0010335762053728104,""anger/disgust"":0.9972476363182068,""sadness"":0.008469034917652607,""surprise"":0.0006385441520251334,""fear"":0.0003726707072928548}"
"নিরপক্ষ নির্দলীয় তথ্যাবদায়ক সরকারের অধিনে জাতীয় নির্বাচন",,"stronglyPositive",0.8781147480010987,"{""neutral"":0.9864662289619446,""happy"":0.0027854552026838064,""anger/disgust"":0.019059179350733757,""sadness"":0.0013445663498714566,""surprise"":0.0006170621491037309,""fear"":0.00038966460851952434}"
"খালেদা জিয়ার তারেক রহমানের মুক্তি চাই",,"weaklyPositive",0.599946689605713,"{""neutral"":0.01447356678545475,""happy"":0.0026640489231795073,""anger/disgust"":0.9812729358673096,""sadness"":0.008588789962232113,""surprise"":0.0010917765321210027,""fear"":0.00030307855922728777}"
"জাতীর ভোটের অধিকার ফিরিয়ে",,"weaklyPositive",0.48807418346405035,"{""neutral"":0.6873162388801575,""happy"":0.02585575543344021,""anger/disgust"":0.289156973361969,""sadness"":0.03564479202032089,""surprise"":0.0034777976106852293,""fear"":0.0038486889097839594}"
"দ্রব্য মূল্যের দাম স্থিতিশিল",,"weaklyNegative",-0.5996855735778808,"{""neutral"":0.27926620841026306,""happy"":0.040056608617305756,""anger/disgust"":0.05854242667555809,""sadness"":0.6561018228530884,""surprise"":0.04630911350250244,""fear"":0.07036367058753967}"
"বলেছিল মানুষ ১০ ১৫হাজার হা হা",,"neutral",-0.1899178981781006,"{""neutral"":0.06640274822711945,""happy"":0.8534972667694092,""anger/disgust"":0.05935018137097359,""sadness"":0.006059948820620775,""surprise"":0.018141530454158783,""fear"":0.001531759975478053}"